request_id,rq_time,start,end
0,22407,2686,5283
1,22500,5759,5268
2,23923,5759,505
3,24559,6589,5283
4,24712,5283,4603
5,24729,4985,5283
6,26085,6611,4521
7,26097,5759,251
8,26357,6589,5283
9,26398,2046,4767
10,27802,4985,249
11,27997,4985,4123
12,28005,6589,5283
13,28072,4985,251
14,28302,4985,4521
15,28306,6611,5283
16,28326,6589,5283
17,29465,6611,5283
18,29731,4985,5283
19,29812,6611,5283
20,29867,280,3762
21,29898,4459,4981
22,29966,6378,4743
23,30150,6378,5084
24,30999,4984,5283
25,31560,5759,4982
26,31587,5759,4982
27,31771,4521,4981
28,31801,2686,5283
29,32118,232,3762
30,32136,251,3762
31,32249,4459,5084
32,32289,4459,4981
33,32323,5754,5084
34,33369,4985,5283
35,33734,3762,5283
36,33776,3762,5283
37,36703,249,5759
38,36893,4167,5283
39,37162,3762,5283
40,37265,3762,5283
41,38942,4459,5084
42,38950,5754,4982
43,38962,1273,3762
44,38979,251,4982
45,38979,605,3762
46,39041,5754,4743
47,39076,2046,1273
48,39129,605,4982
49,39203,4459,4981
50,39287,1273,3762
51,39325,251,4982
52,39386,251,3762
53,39395,1237,5084
54,39516,5759,4982
55,39524,5759,5084
56,39533,5759,3762
57,39537,5759,3762
58,39538,232,4981
59,39657,280,3762
60,39665,251,3762
61,39679,232,4982
62,39702,4459,4982
63,39727,2046,1273
64,39735,1273,4743
65,39801,251,4982
66,40207,4984,5283
67,40279,4985,4521
68,40296,4985,5754
69,40608,4984,5754
70,40952,3762,232
71,40996,4985,5759
72,41097,3762,1008
73,43997,3762,4521
74,44147,3762,1008
75,44285,5759,3762
76,44326,5754,3762
77,44385,5759,4982
78,44386,1273,4982
79,44386,3762,5283
80,44398,251,3762
81,44424,605,5084
82,44473,3496,1008
83,44487,5754,3762
84,44518,3762,4521
85,44529,605,3762
86,44556,3762,1008
87,44575,251,5084
88,44598,5754,3762
89,44608,5759,3762
90,44625,5754,3762
91,44640,232,3762
92,44676,4984,1008
93,44710,2046,1273
94,44733,5754,4981
95,44817,605,3762
96,44846,232,5084
97,44936,251,4459
98,44970,605,3762
99,44978,232,4981
100,44989,251,4982
101,45016,5754,3762
102,45113,232,3762
103,45177,251,5084
104,45503,3762,1008
105,45540,4985,1008
106,45550,3496,232
107,45600,3762,1008
108,45742,2684,5754
109,45844,4985,5754
110,46219,5759,5084
111,46226,5754,5084
112,46234,3762,4603
113,46275,4985,5754
114,46359,5754,4982
115,46388,1273,605
116,46419,6378,4982
117,46551,4459,4982
118,46778,251,4459
119,46797,4459,5754
120,46847,232,6378
121,46888,1273,4981
122,46954,5754,3762
123,47294,3762,5283
124,47559,4985,5759
125,47714,3762,232
126,47925,3762,232
127,47930,3496,4521
128,48059,5759,6378
129,48095,605,6378
130,48097,1008,5759
131,48169,2686,232
132,48214,4459,3762
133,48420,1273,4982
134,48497,251,4982
135,48553,1273,4982
136,48560,1273,4521
137,48620,280,4459
138,48687,232,3762
139,48707,5759,4982
140,49129,3762,5754
141,49187,4985,5268
142,49222,3762,1008
143,49290,3762,5754
144,49366,3762,5283
145,49377,5283,232
146,49396,3496,232
147,49448,4985,249
148,49548,3762,232
149,49599,4985,5754
150,49623,4984,5754
151,49692,1237,5084
152,49709,605,4982
153,49719,4985,232
154,49899,251,4981
155,49924,6378,3762
156,49997,5754,3762
157,50009,605,232
158,50894,4984,5759
159,50949,4985,5754
160,51280,5283,1008
161,51329,3496,5754
162,51340,3762,5754
163,51599,3762,4603
164,51612,3496,1008
165,51622,3762,5754
166,51686,3762,251
167,51752,3762,232
168,51771,4459,2686
169,51784,605,4982
170,52026,4521,4982
171,52060,5754,4982
172,52093,4459,4982
173,52121,4459,3762
174,52132,605,4982
175,52293,5754,4982
176,52790,232,251
177,53037,4985,5283
178,53346,4984,1008
179,53356,3762,232
180,53388,3762,5754
181,53405,4984,5283
182,53502,4984,1008
183,53549,4521,232
184,54565,3762,4521
185,54644,3762,1008
186,54682,3762,505
187,54685,5283,5268
188,54736,3496,1008
189,54820,4984,251
190,54933,5283,5759
191,54980,3762,5268
192,55003,4985,232
193,55026,3762,5268
194,55045,4985,232
195,55119,4459,4982
196,55145,5754,4982
197,55156,3762,249
198,55176,4167,5283
199,55272,4459,4982
200,55316,280,4982
201,55379,605,232
202,55460,5759,2686
203,55796,1273,251
204,55938,2046,1273
205,56351,1008,505
206,56406,3762,5754
207,56438,4985,505
208,56674,3762,232
209,56756,3762,5283
210,57070,5283,232
211,57099,4459,4767
212,58160,249,251
213,58192,3496,5754
214,58446,6611,232
215,58741,280,6378
216,58786,4459,3762
217,58798,3496,4521
218,58810,5754,4981
219,58895,6589,232
220,58959,6378,5754
221,59274,251,1237
222,59373,280,6627
223,59494,4459,3762
224,60735,605,232
225,60763,4459,4743
226,60869,4459,6589
227,60872,4459,4982
228,61096,5754,6589
229,61193,605,251
230,61906,4984,5283
231,61949,5283,232
232,62313,4459,4743
233,62357,6378,5084
234,62378,5283,5759
235,62392,605,251
236,62860,6378,4459
237,62866,6378,4982
238,62972,280,6378
239,64220,4459,4982
240,64287,6378,3762
241,64290,4459,3762
242,64388,4459,4981
243,64462,4459,4982
244,64479,6378,2686
245,64594,6378,4459
246,64653,2046,1273
247,64763,2046,1273
248,64781,4459,4982
249,64850,280,6378
250,64953,4459,4981
251,65005,251,232
252,65013,2046,1273
253,66337,2046,232
254,66344,232,4459
255,66355,4459,4982
256,66496,1273,605
257,66572,4459,4982
258,66860,4603,1008
259,67012,605,1008
260,68180,4459,3762
261,68656,2046,1273
262,68685,232,5759
263,68781,1237,4459
264,68839,6378,2686
265,68915,280,6378
266,70658,6378,5754
267,70957,6378,4981
268,70970,232,5759
269,71054,4459,4521
270,74117,2046,1273
271,74572,1273,251
