node_index,is_stop_only,pos_x,pos_y
0,False,4.1628173,51.8215233
1,False,4.128031,51.8217542
2,False,4.1339722,51.8222205
3,False,4.1470685,51.8225432
4,False,4.1483152,51.822679
5,False,4.1491341,51.8227877
6,False,4.128151,51.8230337
7,False,4.1289468,51.8229489
8,False,4.1463912,51.8229486
9,False,4.1499819,51.8229245
10,False,4.1509225,51.8230157
11,False,4.1464557,51.8231216
12,False,4.1273164,51.8231851
13,False,4.1457115,51.8232083
14,False,4.1459866,51.823329
15,False,4.1464,51.8234
16,False,4.1499398,51.823557
17,False,4.1533407,51.823359
18,False,4.1559749,51.82343
19,False,4.1561849,51.8234641
20,False,4.1346295,51.8235271
21,False,4.1405122,51.8236023
22,False,4.1440392,51.8236443
23,False,4.1466,51.8236
24,False,4.1480282,51.8236315
25,False,4.1491049,51.823386
26,False,4.1559,51.8236
27,False,4.1568921,51.8235389
28,False,4.1475157,51.8236909
29,False,4.1579,51.8237
30,False,4.133544,51.8238085
31,False,4.1516,51.8238
32,False,4.1568502,51.8237676
33,False,4.133347,51.8238647
34,False,4.1404922,51.8239282
35,False,4.1513443,51.8239066
36,False,4.157805,51.8239333
37,False,4.1389745,51.823986
38,False,4.1457293,51.8239859
39,False,4.147402,51.8239854
40,False,4.147667,51.8240121
41,False,4.1483618,51.8240187
42,False,4.1424556,51.8240894
43,False,4.1437198,51.8240325
44,False,4.1464,51.8241
45,False,4.1556774,51.8241393
46,False,4.1297373,51.8241918
47,False,4.1304571,51.8241424
48,False,4.1338291,51.8242156
49,False,4.1393443,51.8241948
50,False,4.1512551,51.8241734
51,False,4.1562,51.8242
52,False,4.1566606,51.8242749
53,False,4.1431536,51.8242703
54,False,4.1435141,51.8243308
55,False,4.1467863,51.8243017
56,False,4.1487201,51.8243915
57,False,4.1571455,51.8243392
58,False,4.1493854,51.8244717
59,False,4.1409315,51.8245119
60,False,4.1560759,51.8245381
61,False,4.1423435,51.8245595
62,False,4.1466611,51.8246251
63,False,4.1569197,51.8246108
64,False,4.1342299,51.8246853
65,False,4.156,51.8247189
66,False,4.140899,51.8248134
67,False,4.1491389,51.8247473
68,False,4.1568157,51.8248513
69,False,4.1397342,51.8249754
70,False,4.144679,51.8250327
71,False,4.1502322,51.8250122
72,False,4.1505176,51.8250518
73,False,4.1576953,51.8250155
74,False,4.174916,51.8250417
75,False,4.155776,51.825185
76,False,4.1389,51.8252
77,False,4.140511,51.8251646
78,False,4.1515671,51.8252008
79,False,4.1517845,51.8252282
80,False,4.1425301,51.8253871
81,False,4.1483633,51.8254414
82,False,4.1553757,51.8254925
83,False,4.1435964,51.8254091
84,False,4.1521591,51.8255352
85,False,4.1444694,51.8255729
86,False,4.1552447,51.8255801
87,False,4.1451452,51.8257048
88,False,4.1535173,51.8257194
89,False,4.1606962,51.8256834
90,False,4.1515347,51.8257733
91,False,4.1520359,51.8258365
92,False,4.1389041,51.8258649
93,False,4.1462906,51.8259128
94,False,4.1544,51.8259116
95,False,4.143317,51.8260167
96,False,4.1573672,51.8259888
97,False,4.1320604,51.8260544
98,False,4.1310673,51.8261673
99,False,4.1354109,51.8261983
100,False,4.1374233,51.82622
101,False,4.1395,51.8262
102,False,4.1443249,51.8261893
103,False,4.1494617,51.826347
104,False,4.1502266,51.8265334
105,False,4.1510636,51.8265349
106,False,4.1437952,51.8265547
107,False,4.1448667,51.8265218
108,False,4.1484086,51.8267205
109,False,4.1493387,51.8267366
110,False,4.142096,51.8267247
111,False,4.1501267,51.8268319
112,False,4.1517957,51.8269752
113,False,4.1588118,51.826822
114,False,4.1356267,51.8268238
115,False,4.149098,51.826851
116,False,4.1508331,51.8269449
117,False,4.1427698,51.8269901
118,False,4.1429678,51.8269938
119,False,4.1437591,51.8270048
120,False,4.141,51.8271
121,False,4.1423024,51.8270467
122,False,4.1407508,51.8271584
123,False,4.1408717,51.8271306
124,False,4.1445447,51.8271604
125,False,4.1481267,51.8273458
126,False,4.1510586,51.8271458
127,False,4.1524908,51.8271368
128,False,4.1618851,51.8273376
129,False,4.042874,51.8277254
130,False,4.1348899,51.8272599
131,False,4.1380093,51.8273414
132,False,4.1453163,51.8279647
133,False,4.1547892,51.827262
134,False,4.1552512,51.827324
135,False,4.1380624,51.8274157
136,False,4.1523862,51.8274456
137,False,4.1534623,51.827436
138,False,4.1211005,51.8274483
139,False,4.1377906,51.8274768
140,False,4.1410348,51.8273873
141,False,4.1443045,51.8274386
142,False,4.1489866,51.827516
143,False,4.15356,51.8275622
144,False,4.1403749,51.8275497
145,False,4.1449433,51.8274447
146,False,4.1498389,51.8275789
147,False,4.1523378,51.8275884
148,False,4.1650004,51.8276545
149,False,4.1480716,51.8278299
150,False,4.1506869,51.8276754
151,False,4.1413055,51.8277181
152,False,4.1440414,51.8277471
153,False,4.1522579,51.8278243
154,False,4.1540068,51.8278446
155,False,4.160951,51.8278062
156,False,4.1616987,51.8278634
157,False,4.1444166,51.8278132
158,False,4.160245,51.8279127
159,False,4.0427081,51.8274767
160,False,4.1241587,51.8279788
161,False,4.1433,51.828
162,False,4.1489995,51.827894
163,False,4.1230801,51.828065
164,False,4.1415226,51.8280918
165,False,4.1525926,51.8281162
166,False,4.1618,51.8281
167,False,4.1657549,51.8281501
168,False,4.1220303,51.8282108
169,False,4.1399744,51.8281444
170,False,4.1473174,51.8282274
171,False,4.1491617,51.8282414
172,False,4.1233382,51.8282445
173,False,4.1245307,51.8282388
174,False,4.1250696,51.8282436
175,False,4.1477,51.8283
176,False,4.1486339,51.8283269
177,False,4.1653443,51.8282801
178,False,4.1407185,51.8283496
179,False,4.1433989,51.8283679
180,False,4.1440976,51.828393
181,False,4.1645726,51.8284288
182,False,4.1487449,51.8286264
183,False,4.1531448,51.8284594
184,False,4.1540924,51.82847
185,False,4.1612322,51.8284942
186,False,4.1627027,51.8285622
187,False,4.1725203,51.8285777
188,False,4.1284138,51.8284018
189,False,4.1417113,51.8285312
190,False,4.1473116,51.8285783
191,False,4.1476396,51.8286112
192,False,4.1511677,51.8285707
193,False,4.1601638,51.8285403
194,False,4.163483,51.8286363
195,False,4.1645046,51.8286638
196,False,4.1220144,51.8287
197,False,4.1409,51.8287
198,False,4.1416,51.8287
199,False,4.1421336,51.8286791
200,False,4.1493848,51.8286924
201,False,4.1525,51.8287
202,False,4.1572791,51.8288136
203,False,4.1584267,51.8287662
204,False,4.1337622,51.8287727
205,False,4.1340877,51.8287714
206,False,4.1345047,51.8287773
207,False,4.1350865,51.8287903
208,False,4.1356515,51.8287896
209,False,4.1369188,51.8288067
210,False,4.1442398,51.8287737
211,False,4.1505448,51.828796
212,False,4.1533799,51.828776
213,False,4.1615786,51.8288759
214,False,4.166,51.8288
215,False,4.1422371,51.82885
216,False,4.1535722,51.8289253
217,False,4.1206607,51.8288147
218,False,4.1426396,51.8289349
219,False,4.158165,51.8290851
220,False,4.1206686,51.8290883
221,False,4.1212893,51.8290735
222,False,4.1220325,51.8290651
223,False,4.1233299,51.8290516
224,False,4.1244458,51.8290346
225,False,4.125532,51.8290149
226,False,4.1337384,51.8291008
227,False,4.1391806,51.8290248
228,False,4.1572,51.8291
229,False,4.1615077,51.8291428
230,False,4.1639783,51.8291181
231,False,4.1149315,51.8291562
232,False,4.1193364,51.829119
233,False,4.1359513,51.8291699
234,False,4.1364244,51.8292272
235,False,4.1371739,51.8291585
236,False,4.158539,51.8292536
237,False,4.1592459,51.8291431
238,False,4.1576784,51.8293474
239,False,4.1456951,51.8293836
240,False,4.1517979,51.8294348
241,False,4.1564154,51.829523
242,False,4.1577655,51.8293833
243,False,4.1357711,51.8295306
244,False,4.1673323,51.8295067
245,False,4.1573643,51.8296035
246,False,4.1588215,51.8296647
247,False,4.1357281,51.8296411
248,False,4.1369855,51.8296862
249,False,4.1373684,51.8296115
250,False,4.1585,51.8297622
251,False,4.1681042,51.8297368
252,False,4.1335363,51.8297204
253,False,4.1485878,51.8297809
254,False,4.1504373,51.8298647
255,False,4.1577913,51.8298266
256,False,4.1590794,51.829782
257,False,4.1631854,51.8297475
258,False,4.1310208,51.8299115
259,False,4.1485206,51.8299334
260,False,4.1561576,51.82998
261,False,4.161059,51.8299274
262,False,4.1645032,51.8299192
263,False,4.1651726,51.8299237
264,False,4.1666382,51.8299107
265,False,4.1687196,51.8299965
266,False,4.1304459,51.8299539
267,False,4.1338269,51.8299105
268,False,4.1481092,51.8301034
269,False,4.1491905,51.8300657
270,False,4.1347106,51.8300317
271,False,4.1660474,51.830168
272,False,4.1233685,51.8299127
273,False,4.135602,51.8301157
274,False,4.135733,51.8301384
275,False,4.1465888,51.830182
276,False,4.148049,51.8302539
277,False,4.1498032,51.8302542
278,False,4.1504353,51.8302449
279,False,4.1302159,51.8302814
280,False,4.1511021,51.8303086
281,False,4.1520185,51.8303495
282,False,4.1523987,51.8303541
283,False,4.155634,51.8303125
284,False,4.1599653,51.8303411
285,False,4.1656743,51.8303582
286,False,4.1356614,51.8303986
287,False,4.1377057,51.8302915
288,False,4.1380473,51.830305
289,False,4.1569689,51.830453
290,False,4.1671222,51.8303581
291,False,4.1216525,51.8305593
292,False,4.1551779,51.8305111
293,False,4.1562586,51.830547
294,False,4.1580252,51.8305604
295,False,4.1607722,51.8304982
296,False,4.1617848,51.830518
297,False,4.1224344,51.8306462
298,False,4.1623948,51.8306257
299,False,4.1269389,51.8306394
300,False,4.1618886,51.8307054
301,False,4.1628338,51.8307007
302,False,4.1673673,51.8307301
303,False,4.1197004,51.8307726
304,False,4.120514,51.8307523
305,False,4.1232,51.8308
306,False,4.1241,51.8308
307,False,4.1249098,51.8308348
308,False,4.1257281,51.8307652
309,False,4.1570668,51.8308609
310,False,4.1647529,51.8308375
311,False,4.1215868,51.8308287
312,False,4.1223594,51.8309103
313,False,4.1495593,51.8308722
314,False,4.1503083,51.8308701
315,False,4.1571566,51.8311049
316,False,4.166089,51.8310816
317,False,4.120476,51.8310532
318,False,4.137495,51.8310222
319,False,4.1380699,51.8310451
320,False,4.1501327,51.8310612
321,False,4.1594008,51.831101
322,False,4.1652252,51.8312234
323,False,4.1673716,51.8311001
324,False,4.1230849,51.8311386
325,False,4.1248034,51.8311672
326,False,4.1391232,51.8312015
327,False,4.1575058,51.8311757
328,False,4.1239515,51.8312466
329,False,4.1255694,51.8312578
330,False,4.150739,51.8312784
331,False,4.1603707,51.8312964
332,False,4.1214329,51.8313384
333,False,4.1481566,51.8313549
334,False,4.1546594,51.8313844
335,False,4.1582561,51.8313807
336,False,4.1617789,51.8314278
337,False,4.1637593,51.8314397
338,False,4.1222141,51.8314421
339,False,4.1271194,51.8314281
340,False,4.1389588,51.831528
341,False,4.167675,51.8314765
342,False,4.1272757,51.8315629
343,False,4.1556363,51.831618
344,False,4.1572083,51.8316529
345,False,4.1591014,51.8315774
346,False,4.1229485,51.8316787
347,False,4.1282459,51.8316336
348,False,4.1399906,51.8316738
349,False,4.1238073,51.8317474
350,False,4.1246473,51.8317421
351,False,4.1296227,51.8317283
352,False,4.1396446,51.8318174
353,False,4.1582705,51.83182
354,False,4.1640095,51.8318058
355,False,4.1254281,51.8318261
356,False,4.1305842,51.8318302
357,False,4.1598108,51.8319217
358,False,4.1599,51.8319
359,False,4.1267744,51.8319262
360,False,4.159235,51.8319546
361,False,4.162592,51.8320104
362,False,4.1281695,51.8320335
363,False,4.1284208,51.832054
364,False,4.1331829,51.8320505
365,False,4.1341277,51.8321005
366,False,4.1637559,51.8321446
367,False,4.1648819,51.8321367
368,False,4.1295567,51.8321194
369,False,4.1302658,51.8321747
370,False,4.1312549,51.8321256
371,False,4.1350693,51.8321788
372,False,4.145166,51.8321027
373,False,4.162209,51.8322062
374,False,4.1632099,51.8322468
375,False,4.1684321,51.8322691
376,False,4.1080259,51.8323438
377,False,4.1320709,51.8323212
378,False,4.1360023,51.8322464
379,False,4.1369946,51.832311
380,False,4.138932,51.8322569
381,False,4.1518238,51.8323028
382,False,4.1682202,51.8323177
383,False,4.0998628,51.8323642
384,False,4.1283594,51.832407
385,False,4.1564613,51.8323549
386,False,4.1675426,51.8322993
387,False,4.0975597,51.8325821
388,False,4.1079998,51.832478
389,False,4.1274017,51.8326042
390,False,4.1437729,51.8321463
391,False,4.1527066,51.8325083
392,False,4.153732,51.8325156
393,False,4.1642683,51.8325325
394,False,4.1278745,51.8325125
395,False,4.1340452,51.8325641
396,False,4.1636501,51.8326109
397,False,4.1665201,51.8325184
398,False,4.1079848,51.8326435
399,False,4.1662933,51.8326005
400,False,4.1301592,51.8327595
401,False,4.1321166,51.8327383
402,False,4.1330457,51.8328045
403,False,4.1353948,51.8327304
404,False,4.1581033,51.8328408
405,False,4.1631247,51.8328038
406,False,4.1729806,51.8327498
407,False,4.1366345,51.8328216
408,False,4.1583644,51.8328958
409,False,4.1675659,51.8328795
410,False,4.1201566,51.8330285
411,False,4.1301103,51.8329906
412,False,4.1537764,51.832977
413,False,4.1547933,51.8330104
414,False,4.1551409,51.8330016
415,False,4.1557946,51.8329727
416,False,4.1569269,51.8330047
417,False,4.1571177,51.8329569
418,False,4.1309046,51.8330434
419,False,4.1441849,51.8330329
420,False,4.1567266,51.8330546
421,False,4.1138927,51.8330749
422,False,4.1177764,51.8331715
423,False,4.1273043,51.8331171
424,False,4.127593,51.8331369
425,False,4.1282119,51.8331778
426,False,4.1405,51.8332
427,False,4.1541214,51.8331813
428,False,4.1201084,51.8332769
429,False,4.1339224,51.8332544
430,False,4.1342377,51.8332763
431,False,4.1517787,51.8332988
432,False,4.1532899,51.833247
433,False,4.1560126,51.8332554
434,False,4.1647486,51.833328
435,False,4.1199379,51.8333159
436,False,4.1354814,51.8333627
437,False,4.1357831,51.8333837
438,False,4.1394523,51.8333781
439,False,4.1428419,51.8333148
440,False,4.1340135,51.8334527
441,False,4.136654,51.8334442
442,False,4.1401114,51.8334191
443,False,4.1411705,51.8335
444,False,4.1536573,51.8334787
445,False,4.1681171,51.8334936
446,False,4.1199024,51.8334242
447,False,4.1377191,51.8335182
448,False,4.138399,51.8335654
449,False,4.1420741,51.8335736
450,False,4.1432413,51.8335247
451,False,4.1570644,51.8335305
452,False,4.1366203,51.8336486
453,False,4.1703396,51.8337685
454,False,4.1314216,51.8336866
455,False,4.1662097,51.833764
456,False,4.1339319,51.8338822
457,False,4.1411084,51.8338334
458,False,4.1420168,51.8338909
459,False,4.1473204,51.8339847
460,False,4.1591988,51.8340826
461,False,4.1182667,51.8340665
462,False,4.1398332,51.8340923
463,False,4.1573818,51.8341804
464,False,4.1587454,51.8340999
465,False,4.1237798,51.8341796
466,False,4.1297331,51.8342281
467,False,4.14807,51.8343314
468,False,4.1592811,51.834654
469,False,4.1651153,51.8342713
470,False,4.1696432,51.8342439
471,False,4.1246986,51.8342134
472,False,4.1405094,51.8342294
473,False,4.1410291,51.8342782
474,False,4.1575526,51.8343487
475,False,4.1382136,51.8344097
476,False,4.152738,51.8344072
477,False,4.1581428,51.8344118
478,False,4.1384376,51.8345782
479,False,4.138188,51.8346264
480,False,4.1584702,51.8346154
481,False,4.1555889,51.8348096
482,False,4.1560377,51.8348011
483,False,4.1581861,51.8347811
484,False,4.1279851,51.8348523
485,False,4.1288465,51.8349154
486,False,4.1464364,51.8349208
487,False,4.1576623,51.8348943
488,False,4.1652735,51.8348754
489,False,4.1664541,51.8348587
490,False,4.1671452,51.8348742
491,False,4.1273838,51.8350217
492,False,4.1292701,51.8349497
493,False,4.129576,51.8349729
494,False,4.1300877,51.8350131
495,False,4.1304264,51.835034
496,False,4.1406418,51.834981
497,False,4.1520663,51.8350184
498,False,4.1562854,51.8349516
499,False,4.1578187,51.8349954
500,False,4.1584336,51.8349446
501,False,4.160633,51.8350092
502,False,4.0968236,51.8350145
503,False,4.1278727,51.8350483
504,False,4.1308265,51.8350737
505,False,4.1436773,51.8351715
506,False,4.1572531,51.8351397
507,False,4.1142099,51.8351048
508,False,4.1553869,51.8351584
509,False,4.1580686,51.8351682
510,False,4.1611093,51.835217
511,False,4.1236561,51.8353268
512,False,4.1448759,51.8352901
513,False,4.1574071,51.8352355
514,False,4.1617958,51.835263
515,False,4.1180343,51.8353638
516,False,4.1245905,51.8354024
517,False,4.1576409,51.8354002
518,False,4.1605629,51.8354386
519,False,4.1652822,51.8353454
520,False,4.1254844,51.8354656
521,False,4.1570358,51.835452
522,False,4.1597981,51.8355
523,False,4.163911,51.8355349
524,False,4.1076533,51.8361993
525,False,4.1281986,51.8355546
526,False,4.1405156,51.8356252
527,False,4.1479817,51.8355254
528,False,4.1551241,51.8355955
529,False,4.1566961,51.8356501
530,False,4.1611495,51.8355509
531,False,4.1613163,51.8355463
532,False,4.1617668,51.8355964
533,False,4.1651547,51.8355768
534,False,4.166627,51.8356122
535,False,4.1291494,51.8356212
536,False,4.1572813,51.8356187
537,False,4.142373,51.8357653
538,False,4.1556831,51.8357566
539,False,4.0968729,51.8358964
540,False,4.1605657,51.8358977
541,False,4.1618068,51.8359306
542,False,4.162308,51.8359095
543,False,4.1636824,51.8359149
544,False,4.1651274,51.8359058
545,False,4.1661049,51.8359465
546,False,4.149582,51.8360296
547,False,4.1327318,51.8361542
548,False,4.1586165,51.8360718
549,False,4.1604321,51.8361235
550,False,4.1670343,51.8361199
551,False,4.148,51.8362
552,False,4.1545507,51.8361579
553,False,4.1654508,51.8361834
554,False,4.1262938,51.8362243
555,False,4.1516861,51.8363407
556,False,4.1568779,51.8362738
557,False,4.1314373,51.8363248
558,False,4.1430887,51.836352
559,False,4.1483384,51.8363127
560,False,4.1501155,51.8364051
561,False,4.0964692,51.8367054
562,False,4.128896,51.8363916
563,False,4.1306143,51.8365117
564,False,4.1308992,51.836455
565,False,4.1378885,51.8364856
566,False,4.1589679,51.8364668
567,False,4.1616674,51.836554
568,False,4.1645391,51.8364759
569,False,4.165444,51.8364845
570,False,4.166,51.8365
571,False,4.1235303,51.8365126
572,False,4.1467157,51.8365325
573,False,4.1490853,51.8365693
574,False,4.157621,51.8366415
575,False,4.1075983,51.836642
576,False,4.1244431,51.8365847
577,False,4.1253125,51.8366603
578,False,4.1298531,51.836661
579,False,4.1300744,51.8366161
580,False,4.1403093,51.8366786
581,False,4.1596461,51.8366524
582,False,4.160033,51.836755
583,False,4.1262021,51.8367277
584,False,4.1474898,51.8367748
585,False,4.1496021,51.8367255
586,False,4.160771,51.8368365
587,False,4.1271103,51.8368034
588,False,4.1291869,51.8367971
589,False,4.1621245,51.8368911
590,False,4.1514,51.837
591,False,4.1582764,51.836929
592,False,4.1645976,51.8370312
593,False,4.1654332,51.837028
594,False,4.1713278,51.8370343
595,False,4.1130539,51.8370386
596,False,4.1584378,51.8370032
597,False,4.1606062,51.8371436
598,False,4.1506375,51.8371872
599,False,4.159115,51.8371598
600,False,4.159819,51.8372372
601,False,4.1316218,51.8372455
602,False,4.1414924,51.8372512
603,False,4.1446812,51.8372644
604,False,4.1708272,51.837292
605,False,4.1292581,51.8371473
606,False,4.1308388,51.8373416
607,False,4.1421824,51.8373045
608,False,4.1658995,51.8373476
609,False,4.1300508,51.8374289
610,False,4.1438385,51.8374322
611,False,4.1442319,51.8374646
612,False,4.171095,51.837519
613,False,4.1292822,51.8375177
614,False,4.1501861,51.8375351
615,False,4.1604089,51.8376486
616,False,4.1630543,51.8375678
617,False,4.1719975,51.8375917
618,False,4.1216904,51.8376589
619,False,4.132186,51.837629
620,False,4.1420497,51.8376637
621,False,4.1564976,51.8376856
622,False,4.1593187,51.837664
623,False,4.1233946,51.8376795
624,False,4.1376916,51.8376673
625,False,4.1441838,51.8377064
626,False,4.1446923,51.8377443
627,False,4.1484047,51.837747
628,False,4.1492274,51.8377857
629,False,4.1507373,51.8377584
630,False,4.1608619,51.8378111
631,False,4.171529,51.8378212
632,False,4.148462,51.8378334
633,False,4.1586484,51.8379056
634,False,4.1659612,51.8379194
635,False,4.0907403,51.8379705
636,False,4.1216889,51.8379793
637,False,4.141348,51.8379892
638,False,4.1512699,51.8380214
639,False,4.164766,51.8380237
640,False,4.1233979,51.8380294
641,False,4.1273748,51.8380257
642,False,4.1419837,51.8380363
643,False,4.1422272,51.8380573
644,False,4.1436444,51.8380087
645,False,4.1447483,51.8380177
646,False,4.1700488,51.8380462
647,False,4.1291511,51.838159
648,False,4.1298706,51.8382048
649,False,4.1437628,51.8381627
650,False,4.1505836,51.8381157
651,False,4.1547622,51.8378221
652,False,4.1487526,51.8382397
653,False,4.1507192,51.8383178
654,False,4.1273123,51.8383297
655,False,4.1321805,51.8383413
656,False,4.1511125,51.8383833
657,False,4.1782072,51.8383446
658,False,4.1235837,51.8384153
659,False,4.1330769,51.8384369
660,False,4.1623242,51.8385069
661,False,4.1723672,51.8384822
662,False,4.0961552,51.8385382
663,False,4.1344563,51.8385994
664,False,4.1417994,51.8385459
665,False,4.143684,51.8385799
666,False,4.1440276,51.8386033
667,False,4.146389,51.8386798
668,False,4.1470452,51.8386618
669,False,4.1374304,51.8387346
670,False,4.1525479,51.838709
671,False,4.1677772,51.8387989
672,False,4.1297799,51.8388028
673,False,4.1435814,51.8388551
674,False,4.1624912,51.8388938
675,False,4.0949073,51.8390162
676,False,4.1404048,51.8389608
677,False,4.1480379,51.8389793
678,False,4.1512061,51.8389467
679,False,4.1522213,51.8389901
680,False,4.1531513,51.8390576
681,False,4.1411433,51.8390039
682,False,4.151447,51.8390658
683,False,4.1711349,51.8391338
684,False,4.1386642,51.8391697
685,False,4.0932779,51.8393158
686,False,4.1300043,51.8391981
687,False,4.1487738,51.8392409
688,False,4.1518689,51.8392511
689,False,4.0942731,51.8392598
690,False,4.1317319,51.8393283
691,False,4.1329365,51.839419
692,False,4.1443915,51.8393414
693,False,4.1550784,51.8394044
694,False,4.1678971,51.8394133
695,False,4.1333417,51.8394496
696,False,4.1460422,51.8394985
697,False,4.1520163,51.8394768
698,False,4.1372397,51.8396033
699,False,4.1537901,51.8395807
700,False,4.1554999,51.8396582
701,False,4.0916858,51.8395554
702,False,4.141033,51.839714
703,False,4.1472434,51.8396699
704,False,4.1527045,51.8396327
705,False,4.1428305,51.8397723
706,False,4.1493362,51.8397298
707,False,4.1536588,51.8398014
708,False,4.1558256,51.8397963
709,False,4.1687819,51.8397392
710,False,4.1280803,51.8399292
711,False,4.1490817,51.8399782
712,False,4.1500096,51.8399509
713,False,4.1529712,51.8399779
714,False,4.1269734,51.8400764
715,False,4.1371947,51.8400314
716,False,4.145683,51.840083
717,False,4.1673,51.8401
718,False,4.1287191,51.8401418
719,False,4.1387859,51.8401292
720,False,4.1400142,51.8400418
721,False,4.1409753,51.8401899
722,False,4.1465168,51.8402299
723,False,4.148213,51.8401476
724,False,4.1504912,51.8402142
725,False,4.1550095,51.8401556
726,False,4.1298603,51.8402802
727,False,4.1409568,51.840265
728,False,4.1445294,51.8402692
729,False,4.1553346,51.840242
730,False,4.1262159,51.8404226
731,False,4.1303422,51.8403136
732,False,4.1307861,51.8403446
733,False,4.1354,51.8403359
734,False,4.1397043,51.8402989
735,False,4.1401676,51.8403914
736,False,4.1449256,51.8403686
737,False,4.1680217,51.8404123
738,False,4.1323992,51.8404552
739,False,4.1421,51.8405
740,False,4.1454233,51.8404844
741,False,4.1490585,51.8404739
742,False,4.1532939,51.8404112
743,False,4.1575349,51.84052
744,False,4.1757422,51.8410268
745,False,4.125358,51.8405859
746,False,4.1291882,51.8405309
747,False,4.1340663,51.8405687
748,False,4.1404035,51.8405303
749,False,4.1479424,51.8405696
750,False,4.1553306,51.8406517
751,False,4.1345688,51.8405604
752,False,4.1371178,51.8406071
753,False,4.1408678,51.8406892
754,False,4.1458732,51.8405938
755,False,4.1483169,51.8406512
756,False,4.1522571,51.8406893
757,False,4.1564772,51.8407288
758,False,4.1268525,51.8407623
759,False,4.1468029,51.8408421
760,False,4.1498473,51.8408239
761,False,4.1582951,51.8408234
762,False,4.0840338,51.8409378
763,False,4.1261941,51.8408648
764,False,4.1286239,51.8408029
765,False,4.144623,51.8408259
766,False,4.1472038,51.8409382
767,False,4.0984417,51.8409771
768,False,4.1330153,51.8409821
769,False,4.1445176,51.8409663
770,False,4.1452197,51.8409816
771,False,4.1487,51.841
772,False,4.1570278,51.8409733
773,False,4.1586677,51.8409943
774,False,4.1138475,51.8410233
775,False,4.1249216,51.8411074
776,False,4.1252986,51.8410325
777,False,4.1338592,51.8410454
778,False,4.13477,51.8408173
779,False,4.1419483,51.8411091
780,False,4.1451648,51.8410693
781,False,4.1556227,51.8410558
782,False,4.1613196,51.8411445
783,False,4.1403,51.8411301
784,False,4.1451104,51.841168
785,False,4.1460738,51.8411908
786,False,4.1495521,51.8411951
787,False,4.1559632,51.8411924
788,False,4.1727901,51.8410887
789,False,4.0944721,51.8400077
790,False,4.1331297,51.8410458
791,False,4.1334862,51.8412596
792,False,4.1582225,51.8413177
793,False,4.1645199,51.8411059
794,False,4.144722,51.8413561
795,False,4.1469452,51.8413633
796,False,4.1483141,51.8413345
797,False,4.1532283,51.8413736
798,False,4.1563222,51.8413364
799,False,4.1300379,51.8413899
800,False,4.1321448,51.8414743
801,False,4.1355802,51.8414226
802,False,4.139248,51.8414757
803,False,4.1435978,51.841454
804,False,4.1458598,51.8415234
805,False,4.1486864,51.8414168
806,False,4.1566724,51.8414768
807,False,4.1370152,51.8415612
808,False,4.1386544,51.8416356
809,False,4.1398669,51.8415218
810,False,4.150796,51.8415557
811,False,4.1530279,51.8415779
812,False,4.1599639,51.8415781
813,False,4.1321844,51.84166
814,False,4.1440534,51.8416323
815,False,4.1601592,51.8416602
816,False,4.1380877,51.8417809
817,False,4.1414092,51.8417624
818,False,4.1537869,51.8417423
819,False,4.174271,51.8417664
820,False,4.1388164,51.8418416
821,False,4.139763,51.841911
822,False,4.1479451,51.8419354
823,False,4.1570697,51.8418248
824,False,4.1619958,51.8418813
825,False,4.163014,51.841716
826,False,4.1351324,51.8419416
827,False,4.1448982,51.8420087
828,False,4.145433,51.8419518
829,False,4.1501782,51.8419436
830,False,4.1577428,51.8419803
831,False,4.1710704,51.8419772
832,False,4.1488049,51.8421373
833,False,4.1545299,51.8420619
834,False,4.1581127,51.842073
835,False,4.1369715,51.8421576
836,False,4.1382972,51.8421428
837,False,4.1396785,51.8422341
838,False,4.1477972,51.8421614
839,False,4.1365838,51.8420571
840,False,4.1410994,51.8423579
841,False,4.1456504,51.8422503
842,False,4.1552051,51.8423505
843,False,4.1622149,51.8423199
844,False,4.1636152,51.8423548
845,False,4.1752538,51.8422764
846,False,4.1641011,51.84244
847,False,4.1556024,51.8425209
848,False,4.1559389,51.8425047
849,False,4.158392,51.8425324
850,False,4.1611825,51.8425647
851,False,4.083554,51.8425386
852,False,4.1530996,51.8427184
853,False,4.1542326,51.8426396
854,False,4.1635592,51.8425865
855,False,4.1532399,51.8427593
856,False,4.1564938,51.8427424
857,False,4.1609553,51.8427833
858,False,4.1493973,51.8427305
859,False,4.1496383,51.8427805
860,False,4.1582677,51.8427546
861,False,4.1612493,51.8428196
862,False,4.1148702,51.8429293
863,False,4.1538845,51.8429345
864,False,4.1590996,51.8429445
865,False,4.164885,51.8428688
866,False,4.1444368,51.8429196
867,False,4.1495903,51.8428603
868,False,4.1571425,51.8430064
869,False,4.1623763,51.8430957
870,False,4.1441973,51.8431478
871,False,4.1555751,51.8432082
872,False,4.157465,51.8431417
873,False,4.1614434,51.8432245
874,False,4.1453885,51.8432913
875,False,4.1484611,51.8432931
876,False,4.1613374,51.8432828
877,False,4.1011078,51.8434043
878,False,4.1409455,51.8433071
879,False,4.1526305,51.8433963
880,False,4.165943,51.8434299
881,False,4.1466334,51.8434896
882,False,4.1451431,51.8435168
883,False,4.1588116,51.8434305
884,False,4.0837283,51.8436925
885,False,4.1010416,51.8436519
886,False,4.1471958,51.8436272
887,False,4.156585,51.8436338
888,False,4.1567227,51.8436779
889,False,4.160424,51.8437012
890,False,4.1013959,51.8436942
891,False,4.1547231,51.843793
892,False,4.1573893,51.8438556
893,False,4.1625187,51.8437809
894,False,4.1632365,51.8437877
895,False,4.1481,51.843859
896,False,4.1522968,51.8439303
897,False,4.1530582,51.84389
898,False,4.1617927,51.8438735
899,False,4.1457657,51.8439425
900,False,4.1638239,51.8439413
901,False,4.168539,51.8439739
902,False,4.14631,51.8440531
903,False,4.1568423,51.8441504
904,False,4.1595295,51.8440914
905,False,4.1598279,51.8441934
906,False,4.1611959,51.8441375
907,False,4.1666087,51.8442371
908,False,4.1471198,51.8442461
909,False,4.1479454,51.8442742
910,False,4.1508921,51.8442959
911,False,4.1538173,51.8442244
912,False,4.1643859,51.8442602
913,False,4.1484118,51.8443566
914,False,4.1487235,51.8444317
915,False,4.1576639,51.8444909
916,False,4.1591504,51.8445655
917,False,4.1607882,51.8445193
918,False,4.1560572,51.8445008
919,False,4.1565736,51.8445844
920,False,4.164757,51.8446305
921,False,4.1481241,51.8448314
922,False,4.1520999,51.8447693
923,False,4.1453241,51.8447245
924,False,4.1563472,51.8449614
925,False,4.1604959,51.8449827
926,False,4.1479572,51.8450963
927,False,4.1648928,51.8450595
928,False,4.1665837,51.8450606
929,False,4.148238,51.8451666
930,False,4.158715,51.8452106
931,False,4.1613946,51.8451601
932,False,4.1590541,51.845317
933,False,4.1613937,51.8453069
934,False,4.0820575,51.8456777
935,False,4.1495023,51.8454131
936,False,4.156605,51.8453541
937,False,4.0848249,51.8454329
938,False,4.1647559,51.8455263
939,False,4.1360504,51.8455553
940,False,4.1501822,51.8455407
941,False,4.1511266,51.8455947
942,False,4.1541785,51.8456271
943,False,4.1610932,51.8457903
944,False,4.1636293,51.8457031
945,False,4.1292765,51.8457388
946,False,4.1634412,51.8458029
947,False,4.1508739,51.8458401
948,False,4.1539455,51.8458503
949,False,4.1548774,51.8458925
950,False,4.1586957,51.8458702
951,False,4.164455,51.8459404
952,False,4.1546167,51.8461314
953,False,4.151558,51.8462366
954,False,4.1549281,51.8462612
955,False,4.1516963,51.8462921
956,False,4.1607227,51.8463709
957,False,4.163134,51.8462953
958,False,4.0869963,51.8463771
959,False,4.1559492,51.8464296
960,False,4.1658838,51.8463995
961,False,4.1783077,51.8470419
962,False,4.152327,51.8465598
963,False,4.0859871,51.8465626
964,False,4.1563589,51.8465899
965,False,4.156214,51.8467707
966,False,4.1627995,51.8468528
967,False,4.1551664,51.8469305
968,False,4.1603742,51.846941
969,False,4.1563758,51.8472239
970,False,4.1358146,51.8471677
971,False,4.1517892,51.8470551
972,False,4.1533812,51.8470332
973,False,4.1536094,51.8470866
974,False,4.1758393,51.8472014
975,False,4.152103,51.8471856
976,False,4.1546989,51.8473517
977,False,4.1624085,51.8474374
978,False,4.1653457,51.847478
979,False,4.1561661,51.8475842
980,False,4.1620443,51.8480274
981,False,4.1649653,51.8480395
982,False,4.0838262,51.8480804
983,False,4.116267,51.8481003
984,False,4.094702,51.8480892
985,False,4.0881772,51.8483945
986,False,4.0885159,51.8486621
987,False,4.1389358,51.8486253
988,False,4.1645725,51.8486247
989,False,4.1653279,51.8487178
990,False,4.1544007,51.8485681
991,False,4.1834954,51.8486393
992,False,4.1357633,51.8489077
993,False,4.0839751,51.8492157
994,False,4.1073102,51.8490462
995,False,4.1559138,51.8491825
996,False,4.1393624,51.8494067
997,False,4.1082095,51.8496261
998,False,4.134334,51.8497268
999,False,4.1314694,51.850107
1000,False,4.1089971,51.850488
1001,False,4.1458582,51.8503685
1002,False,4.1601541,51.8508147
1003,False,4.1455016,51.8509102
1004,False,4.1734596,51.8509698
1005,False,4.191346,51.8520185
1006,False,4.1898194,51.8521357
1007,False,4.1390028,51.8521767
1008,False,4.1510526,51.8524347
1009,False,4.1117516,51.852469
1010,False,4.1361442,51.8524172
1011,False,4.1421884,51.8526175
1012,False,4.1435383,51.8526774
1013,False,4.1442775,51.8528366
1014,False,4.1328896,51.8529544
1015,False,4.1127609,51.8530828
1016,False,4.1329802,51.8530133
1017,False,4.1532521,51.8532786
1018,False,4.1466,51.8535
1019,False,4.147073,51.8536982
1020,False,4.1483698,51.8537021
1021,False,4.1416,51.8538
1022,False,4.1436635,51.8537175
1023,False,4.148895,51.8539659
1024,False,4.1444529,51.8539676
1025,False,4.1458057,51.8540497
1026,False,4.1442345,51.8542089
1027,False,4.1448534,51.8541857
1028,False,4.1452937,51.8544102
1029,False,4.1443239,51.8545953
1030,False,4.1415962,51.854693
1031,False,4.1430899,51.8546473
1032,False,4.1446386,51.8547989
1033,False,4.1463357,51.8549852
1034,False,4.1420279,51.8551008
1035,False,4.1202253,51.8552248
1036,False,4.1454312,51.8552276
1037,False,4.1419484,51.8553231
1038,False,4.1427012,51.855246
1039,False,4.1469612,51.8553622
1040,False,4.1437906,51.8554368
1041,False,4.1436007,51.8555643
1042,False,4.144683,51.8557328
1043,False,4.1456309,51.8561611
1044,False,4.1452416,51.8564113
1045,False,4.1605944,51.8565538
1046,False,4.1609925,51.8566026
1047,False,4.170175,51.8565768
1048,False,4.1188848,51.8568993
1049,False,4.1713885,51.8578028
1050,False,4.1305,51.8586
1051,False,4.1357722,51.8597117
1052,False,4.1584869,51.8598554
1053,False,4.117875,51.8611864
1054,False,4.1574989,51.8616206
1055,False,4.1760317,51.8615959
1056,False,4.1416537,51.8627139
1057,False,4.1579385,51.8631333
1058,False,4.1262801,51.8635371
1059,False,4.13,51.8639
1060,False,4.1258,51.8643
1061,False,4.179348,51.8643547
1062,False,4.1763323,51.8649056
1063,False,4.1633846,51.8653415
1064,False,4.1701748,51.8660738
1065,False,4.1602941,51.8670143
1066,False,4.1622367,51.8672046
1067,False,4.1647319,51.867774
1068,False,4.1652681,51.867973
1069,False,4.1339199,51.8686923
1070,False,4.1793284,51.8691775
1071,False,4.1766689,51.8702767
1072,False,4.1574216,51.8706511
1073,False,4.1250489,51.8741126
1074,False,4.1540196,51.8747878
1075,False,4.118854,51.8570038
1076,False,4.1795666,51.869233
1077,False,4.1196228,51.8571988
1078,False,4.1193172,51.8568966
1079,False,4.1196399,51.8568223
1080,False,4.1197577,51.8571341
1081,False,4.1192757,51.8569575
1082,False,4.088593,51.8484182
1083,False,4.1571449,51.8613331
1084,False,4.0886605,51.8526928
1085,False,4.0893589,51.8526498
1086,False,4.1723068,51.8407031
1087,False,4.1925141,51.8423177
1088,False,4.1883995,51.8321346
1089,False,4.1683097,51.8371016
1090,False,4.1685034,51.8369712
1091,False,4.1798599,51.8493161
1092,False,4.1708367,51.8550982
1093,False,4.1684986,51.8372101
1094,False,4.1306361,51.8241213
1095,False,4.1314855,51.8238113
1096,False,4.1686471,51.8371697
1097,False,4.1686955,51.8370898
1098,False,4.1685891,51.836984
1099,False,4.1682039,51.8366558
1100,False,4.1691736,51.8368967
1101,False,4.1683577,51.83717
1102,False,4.1678378,51.8372629
1103,False,4.1683471,51.8370193
1104,False,4.0885916,51.8486157
1105,False,4.1201738,51.8571243
1106,False,4.1202296,51.8570258
1107,False,4.1197307,51.8568485
1108,False,4.1197224,51.8561461
1109,False,4.1570575,51.8615054
1110,False,4.1575804,51.8614704
1111,False,4.1536325,51.8597932
1112,False,4.1630603,51.851115
1113,False,4.1637288,51.8500673
1114,False,4.1611121,51.8494108
1115,False,4.160407,51.8504754
1116,False,4.1607662,51.849938
1117,False,4.1615633,51.848732
1118,False,4.1623245,51.8530795
1119,False,4.1612382,51.8535188
1120,False,4.1621765,51.8530471
1121,False,4.1633939,51.8505823
1122,False,4.1601296,51.8491776
1123,False,4.1595888,51.8482814
1124,False,4.1591596,51.8489379
1125,False,4.1605636,51.8485132
1126,False,4.1578495,51.8472319
1127,False,4.1587247,51.8478241
1128,False,4.1596774,51.848034
1129,False,4.1576001,51.8475326
1130,False,4.1584042,51.8483457
1131,False,4.1581935,51.8487021
1132,False,4.1573065,51.8480768
1133,False,4.1591205,51.8470459
1134,False,4.1593444,51.8466875
1135,False,4.1585417,51.8520069
1136,False,4.1582364,51.8517985
1137,False,4.1583845,51.8517557
1138,False,4.1586258,51.8519184
1139,False,4.1592192,51.8506069
1140,False,4.1586684,51.8514511
1141,False,4.1585504,51.85179
1142,False,4.1613559,51.8529908
1143,False,4.1584885,51.8500748
1144,False,4.1687737,51.8421402
1145,False,4.1688407,51.837527
1146,False,4.1590927,51.8521568
1147,False,4.1577119,51.8607701
1148,False,4.1575573,51.8613384
1149,False,4.1573174,51.8612829
1150,False,4.1634092,51.8521164
1151,False,4.1626398,51.8524826
1152,False,4.1591733,51.8469459
1153,False,4.1484218,51.8343197
1154,False,4.1510495,51.8318881
1155,False,4.1508723,51.8318981
1156,False,4.1507355,51.8317596
1157,False,4.150873,51.8316541
1158,False,4.1630532,51.8487808
1159,False,4.1321459,51.8344279
1160,False,4.1355841,51.834683
1161,False,4.143876,51.8349603
1162,False,4.1438973,51.8348741
1163,False,4.1480658,51.8342258
1164,False,4.1482594,51.8341811
1165,False,4.1509703,51.8352616
1166,False,4.138459,51.8345026
1167,False,4.1507969,51.8318689
1168,False,4.1381114,51.8344587
1169,False,4.1380889,51.8345525
1170,False,4.1383922,51.8344307
1171,False,4.1316843,51.8342226
1172,False,4.1316111,51.8342758
1173,False,4.1313243,51.8342158
1174,False,4.1313285,51.8341275
1175,False,4.1314034,51.8340735
1176,False,4.1315414,51.8340571
1177,False,4.1316921,51.8341405
1178,False,4.1202479,51.8333425
1179,False,4.1202368,51.8334502
1180,False,4.131746,51.834703
1181,False,4.131458,51.8342909
1182,False,4.1302932,51.8350263
1183,False,4.1287169,51.8389103
1184,False,4.1707805,51.8404602
1185,False,4.1474095,51.8305801
1186,False,4.1488996,51.8303957
1187,False,4.1484823,51.8310506
1188,False,4.148312,51.8309938
1189,False,4.1482764,51.8309266
1190,False,4.1483287,51.8308361
1191,False,4.1485005,51.830793
1192,False,4.1486217,51.8308242
1193,False,4.1485943,51.8310315
1194,False,4.1511433,51.8318158
1195,False,4.151522,51.8319888
1196,False,4.1537163,51.832334
1197,False,4.1537208,51.8324126
1198,False,4.1564052,51.8322909
1199,False,4.1567486,51.8324162
1200,False,4.1570124,51.8314698
1201,False,4.1524021,51.8327691
1202,False,4.1559626,51.8329042
1203,False,4.155916,51.8327762
1204,False,4.1561685,51.8328592
1205,False,4.164084,51.8494648
1206,False,4.16418,51.8493015
1207,False,4.1659465,51.8463078
1208,False,4.1436616,51.8554973
1209,False,4.1504318,51.8402614
1210,False,4.1688788,51.8421777
1211,False,4.1485029,51.8342492
1212,False,4.1596757,51.8506319
1213,False,4.1633542,51.8483288
1214,False,4.1524364,51.8466059
1215,False,4.1539045,51.8440966
1216,False,4.1551313,51.8439256
1217,False,4.1505695,51.8449663
1218,False,4.1468525,51.8397621
1219,False,4.1529668,51.8389381
1220,False,4.1435424,51.8428972
1221,False,4.1289293,51.8294847
1222,False,4.1343321,51.8384269
1223,False,4.1357118,51.834419
1224,False,4.0939436,51.8382325
1225,False,4.1274356,51.8245616
1226,False,4.1280177,51.8230657
1227,False,4.1455945,51.8530862
1228,False,4.1449364,51.8518483
1229,False,4.1442023,51.8529487
1230,False,4.1389524,51.8300956
1231,False,4.0911589,51.8386778
1232,False,4.0928271,51.8383565
1233,False,4.1437897,51.8347836
1234,False,4.1435955,51.8350154
1235,False,4.1437559,51.8350226
1236,False,4.1434972,51.8348452
1237,False,4.1434833,51.8349259
1238,False,4.1436517,51.8347703
1239,False,4.1203163,51.8552616
1240,False,4.1454986,51.8236849
1241,False,4.1465838,51.8241301
1242,False,4.1470939,51.8246307
1243,False,4.1487606,51.8427472
1244,False,4.123433,51.8349945
1245,False,4.1236679,51.835115
1246,False,4.1234565,51.8341673
1247,False,4.1705399,51.8391841
1248,False,4.1707461,51.8393718
1249,False,4.1710573,51.83973
1250,False,4.1709301,51.8397581
1251,False,4.1713091,51.8398913
1252,False,4.1712499,51.8399756
1253,False,4.1709263,51.8399952
1254,False,4.1710879,51.8400249
1255,False,4.1717066,51.8402215
1256,False,4.1708298,51.8404078
1257,False,4.1699222,51.8412208
1258,False,4.1697775,51.8413613
1259,False,4.1681569,51.8426748
1260,False,4.1682637,51.8427224
1261,False,4.1680786,51.8427421
1262,False,4.1681881,51.8427878
1263,False,4.170847,51.843845
1264,False,4.1680874,51.8439592
1265,False,4.1679882,51.8439717
1266,False,4.166696,51.8463646
1267,False,4.1668112,51.8463941
1268,False,4.1665,51.8464189
1269,False,4.1664591,51.8464961
1270,False,4.1665376,51.8465998
1271,False,4.1666765,51.8466301
1272,False,4.1947471,51.854113
1273,False,4.1233925,51.8352875
1274,False,4.1195693,51.8576958
1275,False,4.1619897,51.8531059
1276,False,4.1618949,51.8532501
1277,False,4.1618204,51.8533836
1278,False,4.1618341,51.8534596
1279,False,4.1619459,51.8535233
1280,False,4.1620811,51.8535349
1281,False,4.1618964,51.8540217
1282,False,4.1532734,51.8533158
1283,False,4.1309738,51.8343024
1284,False,4.136878,51.8420208
1285,False,4.139917,51.8458428
1286,False,4.1552523,51.8431037
1287,False,4.1499018,51.8455158
1288,False,4.16487,51.8297247
1289,False,4.0940539,51.839031
1290,False,4.0934159,51.8392869
1291,False,4.1471683,51.8322641
1292,False,4.1437038,51.8300922
1293,False,4.1194382,51.8568307
1294,False,4.1193709,51.8571916
1295,False,4.0823925,51.8454291
1296,False,4.0824896,51.8458172
1297,False,4.1501217,51.8405456
1298,False,4.0596354,51.8392822
1299,False,4.1486895,51.8309472
1300,False,4.1593632,51.8292099
1301,False,4.156963,51.8310622
1302,False,4.1609728,51.8270379
1303,False,4.1618416,51.827125
1304,False,4.1508837,51.8277857
1305,False,4.1424475,51.825854
1306,False,4.1489452,51.8253719
1307,False,4.1418969,51.8246066
1308,False,4.1445533,51.8290734
1309,False,4.138324,51.834634
1310,False,4.1406644,51.8367058
1311,False,4.1404209,51.8379096
1312,False,4.1402881,51.8385875
1313,False,4.1423805,51.8437875
1314,False,4.1424479,51.8437227
1315,False,4.1624075,51.8353284
1316,False,4.1642473,51.8364648
1317,False,4.1626401,51.8365965
1318,False,4.1638154,51.8365015
1319,False,4.1634896,51.8371345
1320,False,4.1623545,51.8365952
1321,False,4.1640393,51.8371696
1322,False,4.1641834,51.8363426
1323,False,4.1575665,51.8338899
1324,False,4.1552174,51.8336778
1325,False,4.1454758,51.8361824
1326,False,4.144954,51.8360276
1327,False,4.1470601,51.8358998
1328,False,4.1461874,51.8353723
1329,False,4.1499718,51.8361899
1330,False,4.1578652,51.8406518
1331,False,4.151962,51.8429166
1332,False,4.1529359,51.8429277
1333,False,4.1526345,51.8428639
1334,False,4.1515528,51.8430227
1335,False,4.1578969,51.8516922
1336,False,4.1626091,51.8532788
1337,False,4.1623476,51.8532854
1338,False,4.1654723,51.8342514
1339,False,4.1661965,51.8336894
1340,False,4.1348938,51.8418386
1341,False,4.1540002,51.8293857
1342,False,4.1412502,51.8405224
1343,False,4.1412101,51.8407411
1344,False,4.1378449,51.836669
1345,False,4.1592866,51.8304459
1346,False,4.1613319,51.8315924
1347,False,4.165629,51.8324529
1348,False,4.1666313,51.8321064
1349,False,4.1669002,51.8321063
1350,False,4.1665183,51.8337385
1351,False,4.1664836,51.8335707
1352,False,4.1535864,51.8233758
1353,False,4.1536293,51.8232499
1354,False,4.1473649,51.8230315
1355,False,4.1480624,51.8228211
1356,False,4.1300921,51.8331024
1357,False,4.1313475,51.8330158
1358,False,4.1293203,51.8326164
1359,False,4.1274942,51.8336747
1360,False,4.1356252,51.8342943
1361,False,4.1267981,51.8343173
1362,False,4.1268465,51.8340558
1363,False,4.1263608,51.8342833
1364,False,4.1264276,51.8355266
1365,False,4.1286951,51.8349038
1366,False,4.1397606,51.8366365
1367,False,4.1397754,51.8365645
1368,False,4.1365503,51.8340729
1369,False,4.1377129,51.8341462
1370,False,4.1423619,51.8351096
1371,False,4.1493966,51.839676
1372,False,4.1501145,51.8403819
1373,False,4.1395699,51.8269385
1374,False,4.1377811,51.8331663
1375,False,4.1324608,51.8330769
1376,False,4.1299953,51.8255181
1377,False,4.0887409,51.8481729
1378,False,4.1624555,51.8497525
1379,False,4.1633511,51.8493436
1380,False,4.1627825,51.8492111
1381,False,4.1619141,51.8489896
1382,False,4.1629515,51.8489509
1383,False,4.165434,51.8367753
1384,False,4.1654335,51.836704
1385,False,4.1591387,51.8360862
1386,False,4.1573046,51.8367008
1387,False,4.1290578,51.820326
1388,False,4.1307533,51.8236105
1389,False,4.1567856,51.8417405
1390,False,4.1450355,51.8531887
1391,False,4.1452354,51.8532463
1392,False,4.1449233,51.8533199
1393,False,4.1500371,51.831861
1394,False,4.1487491,51.8320438
1395,False,4.1492378,51.8316239
1396,False,4.147897,51.8316619
1397,False,4.0898431,51.8339975
1398,False,4.0906518,51.8342632
1399,False,4.1454867,51.845167
1400,False,4.0890022,51.8478562
1401,False,4.1426135,51.8351312
1402,False,4.1424724,51.8351826
1403,False,4.150867,51.8265073
1404,False,4.1512517,51.8265531
1405,False,4.1408472,51.8320098
1406,False,4.1402803,51.8337778
1407,False,4.1389208,51.8355086
1408,False,4.1332982,51.8236865
1409,False,4.1173287,51.8229093
1410,False,4.1641296,51.8359636
1411,False,4.1458979,51.8334002
1412,False,4.1484851,51.8339663
1413,False,4.1482776,51.8340438
1414,False,4.145535,51.8361791
1415,False,4.1460241,51.8368805
1416,False,4.1538077,51.8317869
1417,False,4.1536958,51.8321338
1418,False,4.1559788,51.8321538
1419,False,4.1265073,51.8393299
1420,False,4.149722,51.8385841
1421,False,4.0941733,51.8390148
1422,False,4.0943205,51.8390603
1423,False,4.0939434,51.8391366
1424,False,4.094372,51.8391612
1425,False,4.0939855,51.839227
1426,False,4.0941449,51.8392802
1427,False,4.1627427,51.828156
1428,False,4.1311947,51.8279135
1429,False,4.1482029,51.8275915
1430,False,4.1483355,51.8278314
1431,False,4.1489805,51.8286097
1432,False,4.1507368,51.8302484
1433,False,4.1510396,51.8302715
1434,False,4.1510316,51.8304736
1435,False,4.150735,51.830473
1436,False,4.1509318,51.8310657
1437,False,4.128652,51.8316657
1438,False,4.1675711,51.8342508
1439,False,4.16792,51.8343084
1440,False,4.1677409,51.83471
1441,False,4.1682393,51.8349486
1442,False,4.167364,51.8351278
1443,False,4.1672015,51.8351418
1444,False,4.1671072,51.83515
1445,False,4.1326176,51.8359816
1446,False,4.1704689,51.8360333
1447,False,4.1705646,51.8361055
1448,False,4.1698428,51.8363498
1449,False,4.1699318,51.8364198
1450,False,4.1700188,51.836488
1451,False,4.169835,51.8365819
1452,False,4.1287948,51.837061
1453,False,4.1288048,51.8371644
1454,False,4.1288191,51.8373124
1455,False,4.1396634,51.8423574
1456,False,4.1395976,51.842895
1457,False,4.1392451,51.8436327
1458,False,4.1395366,51.8439573
1459,False,4.1394698,51.8444058
1460,False,4.1427534,51.8551746
1461,False,4.1560306,51.8233172
1462,False,4.1532432,51.8250078
1463,False,4.153719,51.8251467
1464,False,4.1708514,51.8420861
1465,False,4.1713967,51.8424884
1466,False,4.130873,51.864036
1467,False,4.0802714,51.842719
1468,False,4.1387925,51.8432122
1469,False,4.1391626,51.8432812
1470,False,4.1491171,51.8303642
1471,False,4.1235361,51.8335875
1472,False,4.123655,51.8335889
1473,False,4.1235164,51.8337293
1474,False,4.1236327,51.8337363
1475,False,4.123498,51.8341699
1476,False,4.1609066,51.8340377
1477,False,4.1674558,51.837322
1478,False,4.1399887,51.8459662
1479,False,4.1397781,51.8460687
1480,False,4.1550963,51.8504889
1481,False,4.1549681,51.8506411
1482,False,4.1626812,51.8301862
1483,False,4.1336997,51.8293082
1484,False,4.1446995,51.8465891
1485,False,4.1447175,51.8464958
1486,False,4.1450684,51.8466583
1487,False,4.1451375,51.8465743
1488,False,4.1471585,51.8472874
1489,False,4.1449038,51.8464203
1490,False,4.1480622,51.8475956
1491,False,4.1450498,51.8464475
1492,False,4.1553385,51.8506949
1493,False,4.1474591,51.8476961
1494,False,4.1547296,51.8504572
1495,False,4.1397073,51.8458237
1496,False,4.1441939,51.8464631
1497,False,4.1581906,51.8518413
1498,False,4.1382738,51.8235694
1499,False,4.1377194,51.824591
1500,False,4.1381009,51.8254371
1501,False,4.1374017,51.8255346
1502,False,4.1392664,51.8264515
1503,False,4.1377006,51.8268363
1504,False,4.1379793,51.835233
1505,False,4.1381283,51.8352439
1506,False,4.1480363,51.83958
1507,False,4.1455329,51.8467574
1508,False,4.1451736,51.8461148
1509,False,4.13209,51.8315393
1510,False,4.1647483,51.833236
1511,False,4.1645942,51.8332316
1512,False,4.1649924,51.8335456
1513,False,4.1494672,51.8363493
1514,False,4.1499902,51.8362217
1515,False,4.1620091,51.8419175
1516,False,4.1554633,51.8490115
1517,False,4.1406105,51.8562422
1518,False,4.1592063,51.848951
1519,False,4.1594661,51.8470161
1520,False,4.1579453,51.847036
1521,False,4.1631577,51.8486239
1522,False,4.1637276,51.8487538
1523,False,4.1235059,51.8332002
1524,False,4.1536695,51.8252719
1525,False,4.153996,51.8253128
1526,False,4.1373295,51.8328746
1527,False,4.1358431,51.83304
1528,False,4.1489998,51.8346552
1529,False,4.1530287,51.8394065
1530,False,4.1604898,51.8436682
1531,False,4.1806604,51.8437957
1532,False,4.1803702,51.8435689
1533,False,4.1830302,51.8422834
1534,False,4.1842183,51.841913
1535,False,4.1833154,51.8425072
1536,False,4.180195,51.8459395
1537,False,4.1786932,51.8447491
1538,False,4.17767,51.8449072
1539,False,4.1760365,51.8462052
1540,False,4.1761635,51.8461626
1541,False,4.1768015,51.8456339
1542,False,4.1767132,51.8455854
1543,False,4.1746963,51.8455627
1544,False,4.1760602,51.8461184
1545,False,4.181996,51.8428014
1546,False,4.1806064,51.8387274
1547,False,4.1796906,51.8376386
1548,False,4.1194592,51.8572095
1549,False,4.1784129,51.8445344
1550,False,4.1389409,51.8309294
1551,False,4.1484721,51.826322
1552,False,4.1282835,51.8314364
1553,False,4.1379089,51.832536
1554,False,4.1594593,51.832499
1555,False,4.1597597,51.8318656
1556,False,4.1602013,51.8312621
1557,False,4.1666427,51.8310951
1558,False,4.1705455,51.8365396
1559,False,4.1701099,51.8367521
1560,False,4.1393636,51.8377886
1561,False,4.1395766,51.8366224
1562,False,4.1391459,51.8365893
1563,False,4.1389228,51.8377585
1564,False,4.1355352,51.834405
1565,False,4.1353628,51.8359003
1566,False,4.1354572,51.83536
1567,False,4.1341681,51.835268
1568,False,4.1355695,51.8347594
1569,False,4.1515097,51.823333
1570,False,4.1719424,51.8403991
1571,False,4.1458556,51.8254318
1572,False,4.1332587,51.835862
1573,False,4.1391119,51.8367678
1574,False,4.1601038,51.8368069
1575,False,4.1598192,51.8369658
1576,False,4.1339533,51.8416161
1577,False,4.1323104,51.841578
1578,False,4.1319254,51.8414084
1579,False,4.1254513,51.8279463
1580,False,4.1393834,51.8411166
1581,False,4.1399714,51.8419245
1582,False,4.1400151,51.8416443
1583,False,4.1587304,51.8308688
1584,False,4.1585411,51.8311209
1585,False,4.1606332,51.8340029
1586,False,4.1602234,51.8340211
1587,False,4.1582467,51.8339573
1588,False,4.1585785,51.8341665
1589,False,4.1585678,51.8339636
1590,False,4.1584177,51.8338557
1591,False,4.1592475,51.8344209
1592,False,4.1590504,51.8349199
1593,False,4.1602241,51.8352505
1594,False,4.159772,51.8349261
1595,False,4.1546824,51.8349517
1596,False,4.1544333,51.8352538
1597,False,4.1540261,51.8347718
1598,False,4.1538084,51.8350168
1599,False,4.1533495,51.8346063
1600,False,4.1531646,51.8348113
1601,False,4.1575232,51.8335097
1602,False,4.1636856,51.8282507
1603,False,4.1584307,51.8335301
1604,False,4.139199,51.837777
1605,False,4.1516878,51.831826
1606,False,4.1505736,51.8459619
1607,False,4.1507377,51.8457941
1608,False,4.1497894,51.8456895
1609,False,4.1644583,51.8595044
1610,False,4.1511044,51.8300848
1611,False,4.1523934,51.8305228
1612,False,4.1525743,51.8302338
1613,False,4.1427187,51.8269097
1614,False,4.1413836,51.8562624
1615,False,4.1350109,51.8263689
1616,False,4.1563766,51.8325586
1617,False,4.1430804,51.8252207
1618,False,4.1381414,51.8351917
1619,False,4.1367465,51.8364057
1620,False,4.1381361,51.8349581
1621,False,4.0884226,51.8483127
1622,False,4.0885932,51.8483506
1623,False,4.088668,51.848405
1624,False,4.0886464,51.8485234
1625,False,4.0881191,51.8484953
1626,False,4.0890688,51.8486692
1627,False,4.0889707,51.8487746
1628,False,4.08825,51.8483469
1629,False,4.0878544,51.8482668
1630,False,4.0877549,51.8483528
1631,False,4.119662,51.8565456
1632,False,4.1196756,51.8568826
1633,False,4.1194633,51.8574177
1634,False,4.1197842,51.8569686
1635,False,4.1198004,51.8570691
1636,False,4.1194054,51.8571528
1637,False,4.1192928,51.857073
1638,False,4.1579502,51.8616708
1639,False,4.1580209,51.8615741
1640,False,4.1575069,51.8613701
1641,False,4.1575686,51.8611294
1642,False,4.1566919,51.8612834
1643,False,4.1566155,51.8614017
1644,False,4.157486,51.8613056
1645,False,4.1570828,51.8613829
1646,False,4.1575502,51.8615694
1647,False,4.1486362,51.8403163
1648,False,4.14874,51.8403577
1649,False,4.1684326,51.8317327
1650,False,4.1687077,51.8317498
1651,False,4.1644689,51.8324287
1652,False,4.1500276,51.8268199
1653,False,4.1366878,51.8590634
1654,False,4.1678227,51.8307919
1655,False,4.1676143,51.8306764
1656,False,4.1520545,51.8448106
1657,False,4.1386054,51.8383133
1658,False,4.1375238,51.8382508
1659,False,4.144007,51.8342773
1660,False,4.1439342,51.8342354
1661,False,4.1444518,51.8256361
1662,False,4.2046,51.8067
1663,False,4.1791751,51.8081345
1664,False,4.1958277,51.8090238
1665,False,4.1984081,51.8114588
1666,False,4.1707616,51.8146516
1667,False,4.1904896,51.8159707
1668,False,4.2091594,51.8206047
1669,False,4.2142168,51.8214639
1670,False,4.2117272,51.8222967
1671,False,4.2019088,51.8239571
1672,False,4.1920439,51.824845
1673,False,4.1908484,51.8256147
1674,False,4.1902455,51.825965
1675,False,4.221662,51.826106
1676,False,4.1917859,51.8262285
1677,False,4.1930208,51.8262728
1678,False,4.2180823,51.8265129
1679,False,4.1911946,51.8265895
1680,False,4.1921224,51.826774
1681,False,4.190683,51.8268954
1682,False,4.1940463,51.8268088
1683,False,4.191271,51.8272948
1684,False,4.1914717,51.8271799
1685,False,4.1892538,51.8273674
1686,False,4.1929868,51.8273734
1687,False,4.2194658,51.82734
1688,False,4.2187724,51.8273706
1689,False,4.2193363,51.8274474
1690,False,4.1888447,51.8276148
1691,False,4.2208319,51.827708
1692,False,4.1936643,51.8278528
1693,False,4.1923405,51.8279743
1694,False,4.1897543,51.8281075
1695,False,4.2197067,51.8281025
1696,False,4.1946925,51.8282148
1697,False,4.1915216,51.8284209
1698,False,4.1903216,51.828429
1699,False,4.1899465,51.8286923
1700,False,4.191249,51.829003
1701,False,4.1876426,51.8307734
1702,False,4.1869,51.8465
1703,False,4.1911713,51.8252873
1704,False,4.1955526,51.8276046
1705,False,4.1823741,51.8206828
1706,False,4.2006888,51.843819
1707,False,4.1917473,51.8275684
1708,False,4.211653,51.8360094
1709,False,4.2160454,51.8353112
1710,False,4.1923223,51.825916
1711,False,4.1912656,51.8288944
1712,False,4.1949139,51.8273194
1713,False,4.1949786,51.8273266
1714,False,4.1889069,51.8276667
1715,False,4.1894076,51.8267938
1716,False,4.1889532,51.8271639
1717,False,4.1957781,51.8396414
1718,False,4.1876911,51.8269025
1719,False,4.1910925,51.8254705
1720,False,4.1899417,51.8291251
1721,False,4.1895045,51.8288848
1722,False,4.1882814,51.828046
